Date,Tweets,Location,Sentiment Polarity
2019-03-05 16:30:11,b RT Hariom Can U name even 1 political party in Pakistan amp our Kashmir which has not questioned the SurgicalStrike2 nU can t coz a xe2 x80 xa6,b'',0.0
2019-03-05 16:30:09,b RT Rahul Gandhi Arvind Kejriwal AAPCongressAlliance nMy cartoon for More,b'Badrinath',0.5
2019-03-05 16:30:09,b RT mp So xe2 x80 x98s politics in full flow now n nHate our so much tht u will hug wink dalliance wth Terror suppr xe2 x80 xa6,b'',0.275
2019-03-05 16:30:07,b RT Rahul Gandhi Arvind Kejriwal AAPCongressAlliance nMy cartoon for More,"b'Narnaul, India'",0.5
2019-03-05 16:30:06,b RT mp So xe2 x80 x98s politics in full flow now n nHate our so much tht u will hug wink dalliance wth Terror suppr xe2 x80 xa6,"b'Bengaluru, India'",0.275
2019-03-05 16:29:59,Bitter Gujju Shame on Congress Party and the Republic of Pakistan now openly supporting the Congress;,"b'Navi Mumbai, India'",0.075
2019-03-05 16:29:57,b sgh Cong should align with AAP in Delhi,b'Kolkata',0.0
2019-03-05 16:29:55,b RT Today s issue thuglak IN tells the high committee that started a party in India wants to joi xe2 x80 xa6,b'Chennai',0.18
2019-03-05 16:29:55,b has studied from Harvard amp has a MPhil from Trinity College Cambridge Really xf0 x9f x98 x83Let M xe2 x80 xa6,b'India',0.2
2019-03-05 16:29:55,b RT will hold Congress Working Committee meet amp Jan Sankalp Rally in Gujarat on the historic day of 12th March t xe2 x80 xa6,"b'Navsari, Gujarat'",0.0
2019-03-05 16:29:51,b RT Shocking statement from CONgress leader Belur Gopalakrishna he calls out to assassinate PM n nTo appease a pa xe2 x80 xa6,b'\xe0\xa4\x9c\xe0\xa5\x88 \xe0\xa4\xb9\xe0\xa4\xbf\xe0\xa4\x82\xe0\xa4\xa6 \xe0\xa4\x95\xe0\xa5\x80 \xe0\xa4\xb8\xe0\xa5\x87\xe0\xa4\xa8\xe0\xa4\xbe\xf0\x9f\x87\xae\xf0\x9f\x87\xb3\xe0\xa4\xb5\xe0\xa4\x82\xe0\xa4\xa6\xe0\xa5\x87 \xe0\xa4\xae\xe0\xa4\xbe\xe0\xa4\xa4\xe0\xa4\xb0\xe0\xa4\xae\xe0\xa5\x8d',-1.0
2019-03-05 16:29:47,b RT sharma I am glad this Jai Chand has started speaking again Wish Mani Aiyar and Khurshid also join in Together with xe2 x80 xa6,b'',0.5
2019-03-05 16:29:43,b RT 5000 RTs on this tweet and will ask for proof amp number of casualities in these 3 surgical strikes from xe2 x80 xa6,b'India',0.0
2019-03-05 16:29:42,b inc xe2 x80 xa6,"b'Guwahati, India'",0.0
2019-03-05 16:29:40,b will congress act on this before Digi claims it to be slip of tung,"b'Mumbai, India'",0.0
2019-03-05 16:29:34,b RT In what capacity nDynasty has run parallel government all the time nDynasty continues to prev xe2 x80 xa6,b'Mumbai',0.0
2019-03-05 16:29:34,b harsha But still WC AbhinandanVarthaman had to go thru similar situation as Sq Ldr xe2 x80 xa6,"b'Karnataka, India'",0.0
2019-03-05 16:29:30,b RT inc It suits to pappu I think,"b'\xe0\xa4\x87\xe0\xa4\x82\xe0\xa4\xa6\xe0\xa5\x8c\xe0\xa4\xb0, \xe0\xa4\xad\xe0\xa4\xbe\xe0\xa4\xb0\xe0\xa4\xa4'",0.0
2019-03-05 16:29:28,b RT MPhil from Trinity College Have standards dropped so low He wouldn t have even passed e xe2 x80 xa6,b'BHARATH BHUMI\xe2\x9b\xb3 .',0.0
2019-03-05 16:29:22,b Tpuram is your consolation xe2 x80 xa6,b'Bangalore',0.0
2019-03-05 16:29:21,b in Why did he mock Because he is a person like that with no con xe2 x80 xa6,b'Contai',0.0
2019-03-05 16:29:20,b The one thing I can agree on The Haryana Government should not pass the proposal of a law which liter xe2 x80 xa6,"b'Bengaluru, India'",0.0
2019-03-05 16:29:16,b if you are in the trap of RSS for Delhi awoke an see facts,b'India',0.0
2019-03-05 16:29:12,b Btw if RaGa was not member of CCS no MOD no member of Defence xe2 x80 xa6,"b'Maharashtra, India'",-0.1
2019-03-05 16:29:11,b RT Shocking statement from CONgress leader Belur Gopalakrishna he calls out to assassinate PM n nTo appease a pa xe2 x80 xa6,"b'Bengaluru, India'",-1.0
2019-03-05 16:29:02,b Will 28 mAsk for proof Please,b'Mumbai',0.0
2019-03-05 16:29:01,b RT Shri President launched ChaloPanchayatChaloWardAbhiyan today at Congress Bhawan in the presence o xe2 x80 xa6,"b'Mumbai, India'",0.0
2019-03-05 16:28:59,b you said right with wrong pics All world know its for who is 50 years old young leader xe2 x80 xa6,b'\xe0\xa4\xad\xe0\xa4\xbe\xe0\xa4\xb0\xe0\xa4\xa4 ',-0.0035714285714285726
2019-03-05 16:28:58,b RT Rahul Gandhi Arvind Kejriwal AAPCongressAlliance nMy cartoon for More,"b'Bengaluru South, India'",0.5
2019-03-05 16:28:56,b RT Please watch the magic of appearing amp disappearing plates at 23 30 amp 50 seconds,b'',0.5
2019-03-05 16:28:52,b RT Congress President welcomes Ferozepur MP Shri Sher Singh Ghubaya to the Congress party We wish him all the best xe2 x80 xa6,b'Mandi adampur hisar',1.0
2019-03-05 16:28:51,Bitter Gujju Shame on Congress Party and the Republic of Pakistan now openly supporting the Congress;,"b'Pune, India'",0.075
2019-03-05 16:28:49,Bitter Gujju Shame on Congress Party and the Republic of Pakistan now openly supporting the Congress;,b'BHARATH BHUMI\xe2\x9b\xb3 .',0.075
2019-03-05 16:28:44,b RT mp So xe2 x80 x98s politics in full flow now n nHate our so much tht u will hug wink dalliance wth Terror suppr xe2 x80 xa6,b'',0.275
2019-03-05 16:28:39,b RT Rahul Gandhi Arvind Kejriwal AAPCongressAlliance nMy cartoon for More,b'',0.5
2019-03-05 16:28:39,b RT Rahul Gandhi Arvind Kejriwal AAPCongressAlliance nMy cartoon for More,b'',0.5
2019-03-05 16:28:28,b RT After CP s successful rally the BJP Shiv Sena Govt has been shaken As a result of which they re spreading xe2 x80 xa6,b'\xe0\xa4\xb8\xe0\xa4\xbe\xe0\xa4\xb0\xe0\xa5\x87 \xe0\xa4\x9c\xe0\xa4\xb9\xe0\xa4\xbe\xe0\xa4\x82 \xe0\xa4\xb8\xe0\xa5\x87 \xe0\xa4\x85\xe0\xa4\x9a\xe0\xa5\x8d\xe0\xa4\x9b\xe0\xa4\xbe \xe0\xa4\xb9\xe0\xa4\xbf\xe0\xa4\x82\xe0\xa4\xa6\xe0\xa5\x81\xe0\xa4\xb8\xe0\xa5\x8d\xe0\xa4\xa4\xe0\xa4\xbe\xe0\xa4\xa8 ',0.75
2019-03-05 16:28:23,b Loss of indian foreign policy End of preferential trade with usa xe2 x80 xa6,"b'New Delhi, India'",-0.125
2019-03-05 16:28:22,b RT mp So xe2 x80 x98s politics in full flow now n nHate our so much tht u will hug wink dalliance wth Terror suppr xe2 x80 xa6,b'Aukaat ',0.275
2019-03-05 16:28:20,b HMO again Mr Rajnathji are you listening,b'India',0.0
2019-03-05 16:28:19,Bitter Gujju Shame on Congress Party and the Republic of Pakistan now openly supporting the Congress;,"b'Deoria, India'",0.075
2019-03-05 16:28:10,b RT mp So xe2 x80 x98s politics in full flow now n nHate our so much tht u will hug wink dalliance wth Terror suppr xe2 x80 xa6,"b'Hisar, Gurgaon India'",0.275
2019-03-05 16:28:10,b Don t underestimate people Mr Modi Do not play with fire Time is not far away when you will be thrown into the xe2 x80 xa6,"b'Vijayawada,India'",-0.05
2019-03-05 16:28:08,b RT Shocking Video J amp K n nWhat President has to say on this Congress MLC On Sale n n MLC as xe2 x80 xa6,b'UP \xe0\xa4\xb5\xe0\xa4\xbe\xe0\xa4\xb2\xe0\xa4\xbe \xe0\xa4\xad\xe0\xa4\x88\xe0\xa4\xaf\xe0\xa4\xbe',-1.0
2019-03-05 16:28:05,b RT Rahul Gandhi Arvind Kejriwal AAPCongressAlliance nMy cartoon for More,"b'Ghazipur, India'",0.5
2019-03-05 16:28:05,b Congress should tie up with aap anyhww,"b'Rohini, New Delhi'",0.0
2019-03-05 16:28:04,"Work has been done with the candidacy of the B-Railway Group D, whose number is 50. Their selection will be 2 x 80 x 6","b'Madhubani, India'",0.0
2019-03-05 16:28:02,"By the way, result with RAW marks a big scam, 10000 x 200 x 80 x 6 in the name of normalists","b'Alwar, Rajasthan '",-0.11538461538461539
2019-03-05 16:28:02,b RT Rahul Gandhi Arvind Kejriwal AAPCongressAlliance nMy cartoon for More,"b'New Delhi, India'",0.5
2019-03-05 16:27:58,b RT And the mohalla clinics are a big hit with everyone Don t fo xe2 x80 xa6,b'',0.0
2019-03-05 16:27:57,b RT Prime Minister playing with sentiments of Crores of Indian people s to divert attention from his BJP Govern xe2 x80 xa6,"b'Rewa, India'",0.0
2019-03-05 16:27:57,b RT mp So xe2 x80 x98s politics in full flow now n nHate our so much tht u will hug wink dalliance wth Terror suppr xe2 x80 xa6,b'India',0.275
2019-03-05 16:27:56,b Better 4 Mom to provide him with a half sleeves KURTA so that he may not have to pull xe2 x80 xa6,b'pune',0.16666666666666669
2019-03-05 16:27:53,b That s it The cowards don t have the guts to go to terrorist cultivating c xe2 x80 xa6,"b'Kerala, India'",0.0
2019-03-05 16:27:51,b RT Don xe2 x80 x99t worry n RahulGandhi you have invented Vada Pav to Sona Machine nYou will convert all Vada pav in mumbai to gold wit xe2 x80 xa6,b'',0.0
2019-03-05 16:27:50,b RT Rahul Gandhi Arvind Kejriwal AAPCongressAlliance nMy cartoon for More,b'Bhubaneswar',0.5
2019-03-05 16:27:49,b RT Rahul Gandhi Arvind Kejriwal AAPCongressAlliance nMy cartoon for More,b'Flight Mode',0.5
2019-03-05 16:27:47,b High quality weed Giving a tough run to Kejriwal,"b'Adyar,Chennai'",-0.11444444444444445
2019-03-05 16:27:41,b RT Rahul Gandhi Arvind Kejriwal AAPCongressAlliance nMy cartoon for More,"b'Jewar, India'",0.5
2019-03-05 16:27:37,b you have in the process trying to score a six you have scored a hit wicket,b'',0.0
2019-03-05 16:27:31,b modiagain Papu this is called politics for people not like politics for family,"b'Hyderabad, India'",0.0
2019-03-05 16:27:30,b He will beg them to defeat Modi and help Khangress to power what else,b'Mumbai',0.0
2019-03-05 16:27:24,b RT Rahul Gandhi Arvind Kejriwal AAPCongressAlliance nMy cartoon for More,b'',0.5
2019-03-05 16:27:23,"B. Please review result with RAW marks, a big scam happened in the name of normality, Candidate Xi XS 80 X 6","b'Alwar, Rajasthan '",-0.11538461538461539
2019-03-05 16:27:21,b RT Rahul Gandhi Arvind Kejriwal AAPCongressAlliance nMy cartoon for More,b'India',0.5
2019-03-05 16:27:15,b RT Rahul Gandhi Arvind Kejriwal AAPCongressAlliance nMy cartoon for More,b'Gurgram',0.5
2019-03-05 16:27:13,b RT Rahul Gandhi Arvind Kejriwal AAPCongressAlliance nMy cartoon for More,b'Pune',0.5
2019-03-05 16:27:08,b RT 500 sq feet houses for Mumbaikars a scheme which would be implemented within10 days of the Congress coming to power CP xe2 x80 xa6,"b'Navsari, Gujarat'",0.0
2019-03-05 16:27:06,b You are great xf0 x9f x98 x8a xe2 x9d xa3 xef xb8 x8f nPm modi misguiding our citizens and he is misuse pulwama terrorist attack for his own political atmosphere,b'Tuvvur',0.4666666666666666
2019-03-05 16:27:03,b RT Congress President welcomes Ferozepur MP Shri Sher Singh Ghubaya to the Congress party We wish him all the best xe2 x80 xa6,"b'Agartala, Tripura (West)'",1.0
2019-03-05 16:27:01,b harsha Was killing a specific number the objective No nMatter of fact is that define obj xe2 x80 xa6,"b'New Delhi, Bharat '",0.0
2019-03-05 16:27:00,b We won t let that happen n nPappu kabhi pass nahi hoga xf0 x9f x91 x8e xf0 x9f x91 x8e,"b'Bengaluru, India'",0.0
2019-03-05 16:26:59,b But problem for INC is Fran xe2 x80 xa6,b'Bangalore',0.0
2019-03-05 16:26:55,b RT Appointment of office bearers of various committees for Bihar PCC n,"b'Supaul, India'",0.0
2019-03-05 16:26:44,b ModiHaiToMumkinHai xe2 x80 xa6,"b'Rajkot, India'",0.0
2019-03-05 16:26:41,b RT Rahul Gandhi Arvind Kejriwal AAPCongressAlliance nMy cartoon for More,b'',0.5
2019-03-05 16:26:38,b When I saw reply on the tweet I feel sorry to saw the selection of their word person use,b'india',-0.5
2019-03-05 16:26:37,b They better act fast because Pradhan Sewak has already started milking the sacrifice of the soldiers while xe2 x80 xa6,"b'New Delhi, India'",0.35
2019-03-05 16:26:36,b RT Verma is NOT from Harvard as simple as that unless ofcourse this is another hoax on the lines of w xe2 x80 xa6,b'Bangalore',0.0
2019-03-05 16:26:33,b In what capacity nDynasty has run parallel government all the time nDynasty continue xe2 x80 xa6,b'BHARATH',0.0
2019-03-05 16:26:30,Bitter Gujju Shame on Congress Party and the Republic of Pakistan now openly supporting the Congress;,b'',0.075
2019-03-05 16:26:27,b INC xe2 x80 xa6,"b'Jaipur, India'",0.0
2019-03-05 16:26:27,b sheth He is high on weed Must be finding ways xe2 x80 xa6,b'India',0.16
2019-03-05 16:26:25,b RT Rahul Gandhi Arvind Kejriwal AAPCongressAlliance nMy cartoon for More,"b'New Delhi, India'",0.5
2019-03-05 16:26:22,b RT Today s issue thuglak IN tells the high committee that started a party in India wants to joi xe2 x80 xa6,"b'Queens, NY'",0.18
2019-03-05 16:26:22,b RT Well we remember you saying you don xe2 x80 x99t endorse hate politics but now that your own party leader has openly c xe2 x80 xa6,b'INDIA',-0.0666666666666667
2019-03-05 16:26:20,b RT mp So xe2 x80 x98s politics in full flow now n nHate our so much tht u will hug wink dalliance wth Terror suppr xe2 x80 xa6,"b'Lucknow, India'",0.275
2019-03-05 16:26:14,b RT harsha In the fight on number of casualties and others have forgotten that the IAF has executed a task no oth xe2 x80 xa6,"b'Greater Noida, India'",0.0
2019-03-05 16:26:13,b My vote will go to any party that says it will ban RSS and bajrangdal in India as a measure against terrorist or xe2 x80 xa6,b'India',0.0
2019-03-05 16:26:12,b RT Rahul Gandhi Arvind Kejriwal AAPCongressAlliance nMy cartoon for More,b'Mumbai',0.5
2019-03-05 16:26:11,b RT Shocking statement from CONgress leader Belur Gopalakrishna he calls out to assassinate PM n nTo appease a pa xe2 x80 xa6,"b'\xe0\xa4\x97\xe0\xa5\x81\xe0\xa4\xa1\xe0\xa4\xbc\xe0\xa4\x97\xe0\xa4\xbe\xe0\xa4\x82\xe0\xa4\xb5, \xe0\xa4\xad\xe0\xa4\xbe\xe0\xa4\xb0\xe0\xa4\xa4'",-1.0
2019-03-05 16:26:11,b RT Lets keep up the good work with honesty and dedication A day will come soon when people w xe2 x80 xa6,b'Amravati',0.7
2019-03-05 16:26:10,b RT Btwn are you with India or pakistan,"b'Vijapur, India'",0.0
2019-03-05 16:26:04,b Anil Vij is also good choice Hooda is good but it is sure now that BJP is winning ha xe2 x80 xa6,"b'New Delhi, Delhi'",0.6
2019-03-05 16:26:02,b RT Sir you don t even understand What is NCC and you are talking about Business By Dalitspeak Da xe2 x80 xa6,"b'Mhow, India'",0.0
2019-03-05 16:26:01,b harsha Can xe2 x80 x99t understand this Is this deliberate All parties been saying repeatedly that xe2 x80 xa6,b'India',0.0
2019-03-05 16:25:57,b RT While the paid arm chair warriors of the Congress are busy trending anti Modi hashtags on Twitter the empty chairs at xe2 x80 xa6,"b'Kolkata, India'",0.0
2019-03-05 16:25:56,Bitter Gujju Shame on Congress Party and the Republic of Pakistan now openly supporting the Congress;,b'New Delhi',0.075
2019-03-05 16:25:56,b sacchaursahi OPPN THE GREATEST BUFFOONS IS FOR SURE TO LOOSE 2019 amp IN HELP xe2 x80 xa6,b'Mumbai',0.4743589743589744
2019-03-05 16:25:54,b It xe2 x80 x99s like Russel Peters on a world tour xf0 x9f x98 x82,b'New Delhi/ Bangalore',0.0
2019-03-05 16:25:51,b RT Rahul Gandhi Arvind Kejriwal AAPCongressAlliance nMy cartoon for More,b'\xe0\xa4\xad\xe0\xa4\xbe\xe0\xa4\xb0\xe0\xa4\xa4 India',0.5
2019-03-05 16:25:45,b RT mp So xe2 x80 x98s politics in full flow now n nHate our so much tht u will hug wink dalliance wth Terror suppr xe2 x80 xa6,b'India',0.275
2019-03-05 16:25:44,b BJP He must be arrested and jailed,b'BANGALORE',0.0
2019-03-05 16:25:44,b RT Don xe2 x80 x99t worry n RahulGandhi you have invented Vada Pav to Sona Machine nYou will convert all Vada pav in mumbai to gold wit xe2 x80 xa6,b'',0.0
2019-03-05 16:25:43,b India s most irritating person list top 2 btm ranking n Kejriwal n NavjotSinghSidhu n MamtaBanerjee n RahulGandhi xe2 x80 xa6,"b'Mumbai, India'",0.19999999999999998
2019-03-05 16:25:42,b RT 5000 RTs on this tweet and will ask for proof amp number of casualities in these 3 surgical strikes from xe2 x80 xa6,b'',0.0
2019-03-05 16:25:42,b is not a political party but an Insurance company with as CEO n nThey have taken Ins xe2 x80 xa6,b'Jaipur',0.0
2019-03-05 16:25:40,b Dear Pappu nDon t you know SC has given clean chit on Rafale deal n nLet me give you more names n1 yo xe2 x80 xa6,b'Mumbai',0.43333333333333335
2019-03-05 16:25:39,b Death Wishes of Opposition Parties all together hell bent on going Dustbin of India History just 60 xe2 x80 xa6,b'West Africa',0.0
2019-03-05 16:25:35,b If Arvind kejriwal would have thought not to enter into politics and sup xe2 x80 xa6,"b'New Delhi, India'",0.0
2019-03-05 16:25:29,b RT harsha In the fight on number of casualties and others have forgotten that the IAF has executed a task no oth xe2 x80 xa6,b'India',0.0
2019-03-05 16:25:27,b RT 5000 RTs on this tweet and will ask for proof amp number of casualities in these 3 surgical strikes from xe2 x80 xa6,b'Mumbai',0.0
2019-03-05 16:25:25,b Check So ur goes on foreign trip from his pocket or Indira Rajiv Sonia xe2 x80 xa6,"b'New Delhi, Delhi'",-0.125
2019-03-05 16:25:19,b RT Memorable moment when Congress President himself clicked selfie with us yesterday in Mumbai xe2 x80 xa6,b'',0.5
2019-03-05 16:25:18,b RT Well we remember you saying you don xe2 x80 x99t endorse hate politics but now that your own party leader has openly c xe2 x80 xa6,b'\xe0\xa4\x9c\xe0\xa5\x88 \xe0\xa4\xb9\xe0\xa4\xbf\xe0\xa4\x82\xe0\xa4\xa6 \xe0\xa4\x95\xe0\xa5\x80 \xe0\xa4\xb8\xe0\xa5\x87\xe0\xa4\xa8\xe0\xa4\xbe\xf0\x9f\x87\xae\xf0\x9f\x87\xb3\xe0\xa4\xb5\xe0\xa4\x82\xe0\xa4\xa6\xe0\xa5\x87 \xe0\xa4\xae\xe0\xa4\xbe\xe0\xa4\xa4\xe0\xa4\xb0\xe0\xa4\xae\xe0\xa5\x8d',-0.0666666666666667
2019-03-05 16:25:16,b RT Rahul Gandhi Arvind Kejriwal AAPCongressAlliance nMy cartoon for More,"b'Varanasi, India'",0.5
2019-03-05 16:25:13,b ji 12000 farmer suicides have been reported in Maharashtra in 2015 18 You are helping xe2 x80 xa6,b'New Delhi',0.0
2019-03-05 16:25:12,b Sorry but hw long will continue to pass benign remarks chide gently ve reas expectns of this current xe2 x80 xa6,"b'New Delhi, India'",-0.08750000000000001
2019-03-05 16:25:12,b I am sorry for you today Ji can be your political enemy but many of the leaders of th xe2 x80 xa6,b'',0.0
2019-03-05 16:25:10,b RT Congress President welcomes Ferozepur MP Shri Sher Singh Ghubaya to the Congress party We wish him all the best xe2 x80 xa6,"b'Maharashtra, India'",1.0
2019-03-05 16:25:09,b Lets keep up the good work with honesty and dedication A day will come soon when peop xe2 x80 xa6,b'Amravati',0.7
2019-03-05 16:25:08,b RT harsha In the fight on number of casualties and others have forgotten that the IAF has executed a task no oth xe2 x80 xa6,b'Bengaluru (Bangalore)',0.0
2019-03-05 16:25:05,b is not a political party but an Insurance company with as CEO n nThey have taken Insurance for xe2 x80 xa6,b'Jaipur',0.0
2019-03-05 16:25:04,b RT mp So xe2 x80 x98s politics in full flow now n nHate our so much tht u will hug wink dalliance wth Terror suppr xe2 x80 xa6,"b'New Delhi, Delhi'",0.275
2019-03-05 16:25:03,b How could u even think of ur name and Noble in same line 4get about prize that to b peace U might ge xe2 x80 xa6,b'secunderabad',0.3
2019-03-05 16:25:03,b RT harsha In the fight on number of casualties and others have forgotten that the IAF has executed a task no oth xe2 x80 xa6,"b'Melbourne, Victoria'",0.0
2019-03-05 16:25:02,b RT According to congress leader Mr Our IAF is lying n nIs it acceptable Mr,"b'Bhopal, India'",0.0
2019-03-05 16:25:02,b By your logic 28 and gang should be sacked by,b'HUBLI',0.0
2019-03-05 16:25:00,b RT Rahul Gandhi Arvind Kejriwal AAPCongressAlliance nMy cartoon for More,b'India',0.5
2019-03-05 16:24:59,b RT mp So xe2 x80 x98s politics in full flow now n nHate our so much tht u will hug wink dalliance wth Terror suppr xe2 x80 xa6,"b'Indore, Madhya Pradesh '",0.275
2019-03-05 16:24:56,b are you happy now,"b'Mumbai, India'",0.8
2019-03-05 16:24:54,b RT Delhi Congress Chief Ms No Alliance with AAP We told Congress President and Rahulji agree xe2 x80 xa6,b'',0.0
2019-03-05 16:24:51,b RT Hariom Can U name even 1 political party in Pakistan amp our Kashmir which has not questioned the SurgicalStrike2 nU can t coz a xe2 x80 xa6,b'India',0.0
2019-03-05 16:24:51,Bitter Gujju Shame on Congress Party and the Republic of Pakistan now openly supporting the Congress;,b'',0.075
2019-03-05 16:24:47,b RT Rahul Gandhi Arvind Kejriwal AAPCongressAlliance nMy cartoon for More,b'\xf0\x9f\x87\xae\xf0\x9f\x87\xb3',0.5
2019-03-05 16:24:47,b BJP n Tweet for BJP 1 4Rs n Vote to BJP for money BJP leader n Pulwama will give 22 seats for BJP BJP leader n F xe2 x80 xa6,"b'New Delhi, India'",0.0
2019-03-05 16:24:46,b Just like when he and his friends made family of sukanya devi disappear,b'India',0.0
2019-03-05 16:24:45,b RT Verma is NOT from Harvard as simple as that unless ofcourse this is another hoax on the lines of w xe2 x80 xa6,b'India',0.0
2019-03-05 16:24:44,b RT Delhi Congress Chief Ms No Alliance with AAP We told Congress President and Rahulji agree xe2 x80 xa6,"b'New Delhi, India'",0.0
2019-03-05 16:24:44,b RT IAF given proof india shot down pakistan F16 n nBut Political Advisor of don t trust Indian Air force He bel xe2 x80 xa6,"b'Mirzapur, India'",-0.07777777777777779
2019-03-05 16:24:43,b RT harsha In the fight on number of casualties and others have forgotten that the IAF has executed a task no oth xe2 x80 xa6,b'India',0.0
2019-03-05 16:24:34,b RT Ji Answer Please Your Govt Failure Yes No,b'',-0.3166666666666667
2019-03-05 16:24:29,b sgh Tell me what u want I don xe2 x80 x99t mind TMC h xe2 x80 xa6,b' Kolkata Mumbai ',0.0
2019-03-05 16:24:26,b RT Rahul Gandhi Arvind Kejriwal AAPCongressAlliance nMy cartoon for More,b'',0.5
2019-03-05 16:24:25,b RT Rahul Gandhi Arvind Kejriwal AAPCongressAlliance nMy cartoon for More,b'',0.5
2019-03-05 16:24:23,b RT harsha In the fight on number of casualties and others have forgotten that the IAF has executed a task no oth xe2 x80 xa6,b'India',0.0
2019-03-05 16:24:18,b SHAME ON POLITICAL PARTIES WITH MAXIMUM ANTI NATIONALS TRAITORS in Congress Samajvadi party Tmc Dmk AAP PDP xe2 x80 xa6,b'India',0.0
2019-03-05 16:24:12,b RT Rahul Gandhi Arvind Kejriwal AAPCongressAlliance nMy cartoon for More,b'',0.5
2019-03-05 16:24:11,b RT Shocking statement from CONgress leader Belur Gopalakrishna he calls out to assassinate PM n nTo appease a pa xe2 x80 xa6,"b'Jaipur, India'",-1.0
2019-03-05 16:24:05,b RT Well we remember you saying you don xe2 x80 x99t endorse hate politics but now that your own party leader has openly c xe2 x80 xa6,b'',-0.0666666666666667
2019-03-05 16:24:02,b xe2 x80 x9cSo four years were wasted by the NDA Government from 2000 to 2004 to take a decision whether single vendor or mul xe2 x80 xa6,b'Mumbai',-0.13571428571428573
2019-03-05 16:24:01,b RT Best of luck future amp after next PM of India,b'Ranchi',0.3333333333333333
2019-03-05 16:24:00,b RT Rahul Gandhi Arvind Kejriwal AAPCongressAlliance nMy cartoon for More,b'Fatehpur-Allahabad-Hyderabad',0.5
2019-03-05 16:23:58,b RT Don xe2 x80 x99t worry n RahulGandhi you have invented Vada Pav to Sona Machine nYou will convert all Vada pav in mumbai to gold wit xe2 x80 xa6,b'',0.0
2019-03-05 16:23:58,b Next PM For India,b'India',0.0
2019-03-05 16:23:57,b shame to be a leader with no control on state,b'India',0.0
2019-03-05 16:23:55,b RT sharma I am glad this Jai Chand has started speaking again Wish Mani Aiyar and Khurshid also join in Together with xe2 x80 xa6,b'',0.5
2019-03-05 16:23:55,b RT mp So xe2 x80 x98s politics in full flow now n nHate our so much tht u will hug wink dalliance wth Terror suppr xe2 x80 xa6,b'',0.275
2019-03-05 16:23:49,b RT mp So xe2 x80 x98s politics in full flow now n nHate our so much tht u will hug wink dalliance wth Terror suppr xe2 x80 xa6,"b'Jaipur, India'",0.275
2019-03-05 16:23:48,b RT Shri President launched ChaloPanchayatChaloWardAbhiyan today at Congress Bhawan in the presence o xe2 x80 xa6,"b'Jogeshwari East, Mumbai'",0.0
2019-03-05 16:23:46,b RT Shocking statement from CONgress leader Belur Gopalakrishna he calls out to assassinate PM n nTo appease a pa xe2 x80 xa6,"b'\xe0\xa4\xaa\xe0\xa5\x8d\xe0\xa4\xb0\xe0\xa5\x87\xe0\xa4\xb8\xe0\xa4\xbf\xe0\xa4\xa1\xe0\xa5\x87\xe0\xa4\x82\xe0\xa4\x9f\xe0\xa5\x8d\xe0\xa4\xb8 \xe0\xa4\x8f\xe0\xa4\xb8\xe0\xa5\x8d\xe0\xa4\x9f\xe0\xa5\x87\xe0\xa4\x9f, \xe0\xa4\xa8\xe0\xa4\x88 \xe0\xa4\xa6\xe0\xa4\xbf\xe0\xa4\xb2\xe0\xa5\x8d\xe0\xa4\xb2\xe0\xa5\x80'",-1.0
2019-03-05 16:23:45,b xe2 x80 xa6,"b'Pune, Maharashtra '",0.0
2019-03-05 16:23:42,b I agree what ever palace and good paying jobs were given by congress in last 60 years all have been xe2 x80 xa6,"b'\xe0\xa4\xa8\xe0\xa4\x88 \xe0\xa4\xa6\xe0\xa4\xbf\xe0\xa4\xb2\xe0\xa5\x8d\xe0\xa4\xb2\xe0\xa5\x80, \xe0\xa4\xad\xe0\xa4\xbe\xe0\xa4\xb0\xe0\xa4\xa4'",0.35
2019-03-05 16:23:41,b RT Congress President welcomes Ferozepur MP Shri Sher Singh Ghubaya to the Congress party We wish him all the best xe2 x80 xa6,"b'New Delhi, India'",1.0
2019-03-05 16:23:39,b RT mp So xe2 x80 x98s politics in full flow now n nHate our so much tht u will hug wink dalliance wth Terror suppr xe2 x80 xa6,b'India',0.275
2019-03-05 16:23:38,b RT mp So xe2 x80 x98s politics in full flow now n nHate our so much tht u will hug wink dalliance wth Terror suppr xe2 x80 xa6,b'',0.275
2019-03-05 16:23:37,b RT Scrapping of Nanar Refinery Project is an outcome of a vigorous crusade raised by the people of Nanar nHon CP xe2 x80 xa6,"b'Jogeshwari East, Mumbai'",0.0
2019-03-05 16:23:34,b Who is he a mere pappu Why should envoys meet this anpadh,b'Bangalore',-0.5
2019-03-05 16:23:31,b RT INC xe2 x80 xa6,"b'Jaipur, India'",0.0
2019-03-05 16:23:29,b RT GirishN rao RV xe2 x80 xa6,"b'HINDUSTAN,BHARAT,INDIA.'",0.0
2019-03-05 16:23:27,b bhatt the idiot must be sent to jail or back to pak,"b'Gurgaon, India'",-0.3
2019-03-05 16:23:25,b xe2 x80 xa6,"b'Patna, India'",0.0
2019-03-05 16:23:24,b RT Delhi Congress Chief Ms No Alliance with AAP We told Congress President and Rahulji agree xe2 x80 xa6,"b'New Delhi, India'",0.0
2019-03-05 16:23:23,b RT Rahul Gandhi Arvind Kejriwal AAPCongressAlliance nMy cartoon for More,b'\xe0\xa4\xb9\xe0\xa4\xbf\xe0\xa4\x82\xe0\xa4\xa6\xe0\xa5\x81\xe0\xa4\xb8\xe0\xa5\x8d\xe0\xa4\xa4\xe0\xa4\xbe\xe0\xa4\xa8',0.5
2019-03-05 16:23:23,b It is heartbreaking to see irresponsible statements by some of your leaders They are repeatedly highlighted by Pakistan media,"b'Doha, Qatar'",0.0
2019-03-05 16:23:21,b RT Manipur PYC launched ChaloPanchayatChaloWardAbhiyanAbhiyan today at Imphal by Shri Gaikhangam Honble PCC President xe2 x80 xa6,b'Manipur',0.0
2019-03-05 16:23:20,b RT IAF given proof india shot down pakistan F16 n nBut Political Advisor of don t trust Indian Air force He bel xe2 x80 xa6,"b'Darwin, Northern Territory'",-0.07777777777777779
2019-03-05 16:23:19,b Till today I personally thought your primary aim is to save democracy by defeating BJP xe2 x80 xa6,"b'Karnataka, India'",0.2
2019-03-05 16:23:19,b She nIs over estimating her strength Sadly the ground reality is otherwise nTimes have changed nThe s xe2 x80 xa6,"b'Over the moon, under the stars'",-0.5
2019-03-05 16:23:16,b Best of luck future amp after next PM of India,b'Ranchi',0.3333333333333333
2019-03-05 16:23:15,b RT India 5 years to UPA amp 5 years to NDA still it is unresolved We should prefer NOTA xe2 x80 xa6,b'INDIA',0.0
2019-03-05 16:23:14,b RT Party workers will take CP s assurance of 500 sq ft homes to slum dwellers across city and explain how the Cong xe2 x80 xa6,"b'Tamil Nadu, India'",0.0
2019-03-05 16:23:14,b RT PM Modi making analogy with dyslexics to ridicule RahulGandhi world knows the cheap character of Modi this polit xe2 x80 xa6,b'',0.4
2019-03-05 16:23:11,b Shameful We should do something Let s make climate action the top agenda for 2019 election Vote for those who un xe2 x80 xa6,"b'India,Orissa'",0.3
2019-03-05 16:23:05,b BJP 28 nPunawala a xe2 x80 xa6,"b'Bengaluru, India'",0.0
2019-03-05 16:23:04,b RT mp So xe2 x80 x98s politics in full flow now n nHate our so much tht u will hug wink dalliance wth Terror suppr xe2 x80 xa6,b'',0.275
2019-03-05 16:22:59,b RT Shocking amp dangerous statement by state Congress leader BelurGopalakrishna calling for assassination of our Prime Minister xe2 x80 xa6,b'',-0.8
2019-03-05 16:22:56,b RT Shocking statement from CONgress leader Belur Gopalakrishna he calls out to assassinate PM n nTo appease a pa xe2 x80 xa6,"b'Pune, India'",-1.0
2019-03-05 16:22:56,b RT Shri President launched ChaloPanchayatChaloWardAbhiyan today at Congress Bhawan in the presence o xe2 x80 xa6,b'Manipur',0.0
2019-03-05 16:22:55,b You mausi Mehbooba and mama Modi had ruled J amp K released several terrorist xe2 x80 xa6,b' INDIA',0.0
2019-03-05 16:22:53,b RT Rahul Gandhi Arvind Kejriwal AAPCongressAlliance nMy cartoon for More,"b'Rajasthan,india'",0.5
2019-03-05 16:22:50,b RT Shocking Video J amp K n nWhat President has to say on this Congress MLC On Sale n n MLC as xe2 x80 xa6,"b'Samastipur, India'",-1.0
2019-03-05 16:22:49,b RT I am shocked to see that some insensible Congress and AAP leaders in their bid to criticise are in f xe2 x80 xa6,"b'Sidhi, India'",-0.7
2019-03-05 16:22:45,b I want to issue vissas to 28 xe2 x80 xa6,"b'New Delhi, India'",0.0
2019-03-05 16:22:44,b RT Rahul Gandhi Arvind Kejriwal AAPCongressAlliance nMy cartoon for More,"b'Central Region, Singapore'",0.5
2019-03-05 16:22:44,b RT Today s issue thuglak IN tells the high committee that started a party in India wants to joi xe2 x80 xa6,b'',0.18
2019-03-05 16:22:42,Bitter Gujju Shame on Congress Party and the Republic of Pakistan now openly supporting the Congress;,"b'Sahson, Allahabad, India '",0.075
2019-03-05 16:22:41,b RT I wish the Christian Council of Telangana all the best for this wonderful event A unified secular India is our collective xe2 x80 xa6,b'',0.6666666666666666
2019-03-05 16:22:41,b RT Shocking statement from CONgress leader Belur Gopalakrishna he calls out to assassinate PM n nTo appease a pa xe2 x80 xa6,b'',-1.0
2019-03-05 16:22:40,b RT Rahul Gandhi Arvind Kejriwal AAPCongressAlliance nMy cartoon for More,b'katihar bihar',0.5
2019-03-05 16:22:38,b Mr I want the proof that it was Indian Army and not Mukti Bahini that drove the Pakistan Army from East Pakistan,b'Hyderabad',0.0
2019-03-05 16:22:37,b We strongly condemned this terrorist calling for assassination of our xe2 x80 xa6,b'Bharat',0.4333333333333333
2019-03-05 16:22:31,b RT PNB amp SBI struggled for years after mergers Anyone in Govt ready to take responsibility for merger of Vijaya Dena wit xe2 x80 xa6,"b'Kurduvadi, India'",0.2
2019-03-05 16:22:31,b ji please refer this dyslexic kid to the student whom you spoke with He xe2 x80 xa6,"b'Chennai, India'",0.0
2019-03-05 16:22:29,b RT mp So xe2 x80 x98s politics in full flow now n nHate our so much tht u will hug wink dalliance wth Terror suppr xe2 x80 xa6,b'\xe0\xa4\xa0\xe0\xa4\xbf\xe0\xa4\x95\xe0\xa4\xbe\xe0\xa4\xa8\xe0\xa4\xbe \xe0\xa4\xae\xe0\xa4\xbf\xe0\xa4\xb2\xe0\xa4\xbe \xe0\xa4\xa8\xe0\xa4\xb9\xe0\xa5\x80 \xe0\xa4\xb9\xe0\xa5\x88 \xe0\xa4\x85\xe0\xa4\xad\xe0\xa5\x80 \xe0\xa4\xa4\xe0\xa4\x95 \xe0\xa5\xa4',0.275
2019-03-05 16:22:23,b Here is the truth of Mr ji s potato to gold formula Shame on the people who edited and showed the ha xe2 x80 xa6,b'India',0.0
2019-03-05 16:22:22,b RT ENOUGH You can not continue to lie again and again while you expect Indians to foot the bill for xe2 x80 xa6,b'',0.0
2019-03-05 16:22:16,b RT India xe2 x80 x9cSo four years were wasted by the NDA Government from 2000 to 2004 to take a decision whether single vendor or multi tender xe2 x80 xa6,"b'Noida, India'",-0.13571428571428573
2019-03-05 16:22:11,b RT Shocking amp dangerous statement by state Congress leader BelurGopalakrishna calling for assassination of our Prime Minister xe2 x80 xa6,b'India',-0.8
2019-03-05 16:22:11,b Priyanka Gandhi should start public rallies with aggressive attack on Modi Govt to occupy political space,"b'Churu, India'",0.0
2019-03-05 16:22:11,b RT Rahul Gandhi Arvind Kejriwal AAPCongressAlliance nMy cartoon for More,b'Jabalpur',0.5
2019-03-05 16:22:10,b RT Rahul Gandhi Arvind Kejriwal AAPCongressAlliance nMy cartoon for More,"b'Konark, Orissa'",0.5
2019-03-05 16:22:06,b RT Rahul Gandhi Arvind Kejriwal AAPCongressAlliance nMy cartoon for More,b'',0.5
2019-03-05 16:22:05,b RT Rahul Gandhi Arvind Kejriwal AAPCongressAlliance nMy cartoon for More,b'\xe0\xa4\xad\xe0\xa4\xbe\xe0\xa4\xb0\xe0\xa4\xa4 \xe0\xa4\xae\xe0\xa4\xbe\xe0\xa4\xa4\xe0\xa4\xbe \xe0\xa4\x95\xe0\xa5\x87 \xe0\xa4\x9a\xe0\xa4\xb0\xe0\xa4\xa3\xe0\xa5\x8b\xe0\xa4\x82 \xe0\xa4\xae\xe0\xa5\x87 ',0.5
2019-03-05 16:22:04,b Nincompoop s party leader showeing love n affection towards incumbent PM with 46 1M followers worldwi xe2 x80 xa6,"b'Sahibabad,NCR'",0.5
2019-03-05 16:22:02,b RT Today s issue thuglak IN tells the high committee that started a party in India wants to joi xe2 x80 xa6,b'',0.18
2019-03-05 16:22:02,b RT Arrogance brought Congress to 44 nBut it is refusing to learn n winners takes all is not always a right approach xe2 x80 xa6,b'',0.2857142857142857
2019-03-05 16:21:55,b RT Rahul Gandhi Arvind Kejriwal AAPCongressAlliance nMy cartoon for More,b'Meme land',0.5
2019-03-05 16:21:54,b RT Rahul Gandhi Arvind Kejriwal AAPCongressAlliance nMy cartoon for More,"b'Bodakdev, Ahmedabad.'",0.5
2019-03-05 16:21:46,b Very Sad I don xe2 x80 x99t know then why they didn xe2 x80 x99t allow me to contest against Ke xe2 x80 xa6,b'new delhi',-0.65
2019-03-05 16:21:44,b RT mp So xe2 x80 x98s politics in full flow now n nHate our so much tht u will hug wink dalliance wth Terror suppr xe2 x80 xa6,b'rajkot ',0.275
2019-03-05 16:21:43,b RT LIVE Congress President addresses public meeting in Guwahati Assam NorthEastWelcomesRahulGandhi,b'',0.06818181818181818
2019-03-05 16:21:38,b RT Rahul Gandhi Arvind Kejriwal AAPCongressAlliance nMy cartoon for More,"b'bhubaneswar,india'",0.5
2019-03-05 16:21:37,b RT mp So xe2 x80 x98s politics in full flow now n nHate our so much tht u will hug wink dalliance wth Terror suppr xe2 x80 xa6,"b'\xe0\xa4\xa8\xe0\xa4\x88 \xe0\xa4\xa6\xe0\xa4\xbf\xe0\xa4\xb2\xe0\xa5\x8d\xe0\xa4\xb2\xe0\xa5\x80, \xe0\xa4\xad\xe0\xa4\xbe\xe0\xa4\xb0\xe0\xa4\xa4'",0.275
2019-03-05 16:21:33,Bitter Gujju Shame on Congress Party and the Republic of Pakistan now openly supporting the Congress;,b'',0.075
2019-03-05 16:21:32,b RT mp So xe2 x80 x98s politics in full flow now n nHate our so much tht u will hug wink dalliance wth Terror suppr xe2 x80 xa6,"b'\xe0\xa4\xb9\xe0\xa4\xb0\xe0\xa4\xbf\xe0\xa4\xaf\xe0\xa4\xbe\xe0\xa4\xa3\xe0\xa4\xbe, \xe0\xa4\xad\xe0\xa4\xbe\xe0\xa4\xb0\xe0\xa4\xa4'",0.275
2019-03-05 16:21:28,b After 28 s statement has LOST his right xe2 x80 xa6,b'KOLKATA',0.2857142857142857
2019-03-05 16:21:28,b RT mp So xe2 x80 x98s politics in full flow now n nHate our so much tht u will hug wink dalliance wth Terror suppr xe2 x80 xa6,"b'In lap of Arawali, Rajputana'",0.275
2019-03-05 16:21:24,b RT Rahul Gandhi Arvind Kejriwal AAPCongressAlliance nMy cartoon for More,"b'surat, '",0.5
2019-03-05 16:21:20,b RT Rahul Gandhi Arvind Kejriwal AAPCongressAlliance nMy cartoon for More,b'\xf0\x9d\x95\xbb\xf0\x9d\x96\x91\xf0\x9d\x96\x86\xf0\x9d\x96\x93\xf0\x9d\x96\x8a\xf0\x9d\x96\x99 \xf0\x9d\x95\xb0\xf0\x9d\x96\x86\xf0\x9d\x96\x97\xf0\x9d\x96\x99\xf0\x9d\x96\x8d',0.5
2019-03-05 16:21:17,b For the heinous killings of personnel you thump to get in Pakistan and take xe2 x80 xa6,b'Pune',0.0
2019-03-05 16:21:17,b RT Rahul Gandhi Arvind Kejriwal AAPCongressAlliance nMy cartoon for More,"b'Uttar Pradesh, India'",0.5
2019-03-05 16:21:16,b RT PunishPakLoyalists why is not coming forward and giving his viewpoint on comments made by his party members xe2 x80 xa6,b'',0.0
2019-03-05 16:21:10,b RT Shocking statement from CONgress leader Belur Gopalakrishna he calls out to assassinate PM n nTo appease a pa xe2 x80 xa6,b'Bangalore',-1.0
2019-03-05 16:21:07,Bitter Gujju Shame on Congress Party and the Republic of Pakistan now openly supporting the Congress;,b'Titan',0.075
2019-03-05 16:21:06,b RT Dear Shame on your party Official Handles tweeting fake videos that too in the name of Abhinandan xe2 x80 x99s Wife xe2 x80 xa6,"b'Texas, USA'",-0.5
2019-03-05 16:21:06,b Use Vicks amp cry 24x 7 balance works Paid media amp Thukde GANGs take care you xf0 x9f x98 x83 xf0 x9f x98 x83 xe2 x80 xa6,"b'Hubli, India'",0.0
2019-03-05 16:20:57,b RT Today arrived in Agartala Secretary and In charge mam Had a warm welcome by xe2 x80 xa6,"b'Imphal, India'",0.7
2019-03-05 16:20:57,b RT Dear Congress appointed Lt Gen Hooda for preparing vision document on security Obviously you are not listening xe2 x80 xa6,b'Anywhere!',0.0
2019-03-05 16:20:56,b RT Shocking Video J amp K n nWhat President has to say on this Congress MLC On Sale n n MLC as xe2 x80 xa6,b'\xe0\xa4\xad\xe0\xa4\xbe\xe0\xa4\xb0\xe0\xa4\xa4',-1.0
2019-03-05 16:20:56,b Congratulations,b'Jaipur',0.0
2019-03-05 16:20:54,b RT Today s issue thuglak IN tells the high committee that started a party in India wants to joi xe2 x80 xa6,b'',0.18
2019-03-05 16:20:52,b RT Appointment of office bearers of various committees for Bihar PCC n,"b'Jogeshwari East, Mumbai'",0.0
2019-03-05 16:20:47,b RT National security must transcend narrow political considerations The leaders observed that the PM has regrettably not conven xe2 x80 xa6,b'',-0.1
2019-03-05 16:20:46,b RT And the mohalla clinics are a big hit with everyone Don t fo xe2 x80 xa6,b'',0.0
2019-03-05 16:20:44,Bitter Gujju Shame on Congress Party and the Republic of Pakistan now openly supporting the Congress;,b'',0.075
2019-03-05 16:20:43,b RT A lovely meeting organized by mahila Congress at Bishalghar Assembly Constituency In present of AIMC Secretary amp Tripura xe2 x80 xa6,"b'Imphal, India'",0.25
2019-03-05 16:20:42,b RahulGandhi neither xe2 x80 x98garazatha xe2 x80x99 hai na xe2 x80 x98barastha xe2 x80 x99 hai nn ModiOnceMore garaztha apasthastha hai n pidis sirf ghulam h xe2 x80 xa6,"b'Mumbai, India'",0.0
2019-03-05 16:20:42,b RT Rahul Gandhi Arvind Kejriwal AAPCongressAlliance nMy cartoon for More,b'',0.5
2019-03-05 16:20:41,b RT Offic Who will next PM n nLike for Narendra Modi nRetweet for Rahul Gandhi,b'',0.0
2019-03-05 16:20:40,b RT MahaShivratri nWho is the Father of Lord Shiva nAnd where its proof nSo please see this video,b'',0.0
2019-03-05 16:20:36,b Humor xe2 x80 xa6,b'India',0.0
2019-03-05 16:20:33,b RT sharma Ma am Rafale is not Hafta that can be delivered after a mere phone call n nIf you are aspiring to be PM at least don t m xe2 x80 xa6,b'',-0.4
2019-03-05 16:20:33,b RT Opinion Congress should focus on its own health rather than following the single point agenda of keeping NarendraModi out xe2 x80 xa6,"b'New Delhi, Delhi'",0.1761904761904762
2019-03-05 16:20:30,b RT Rahul Gandhi is going to do everything to bring down India s image His jealousy on what Indi xe2 x80 xa6,b'',-0.15555555555555559
2019-03-05 16:20:28,b RT Today s issue thuglak IN tells the high committee that started a party in India wants to joi xe2 x80 xa6,"b'Chennai, India'",0.18
2019-03-05 16:20:25,b RT Shocking statement from CONgress leader Belur Gopalakrishna he calls out to assassinate PM n nTo appease a pa xe2 x80 xa6,b'India',-1.0
2019-03-05 16:20:25,b RT Rahul Gandhi Arvind Kejriwal AAPCongressAlliance nMy cartoon for More,"b'New Delhi, India'",0.5
2019-03-05 16:20:22,b RT We as kids used to shout Cheating Cheating when We used to get out while playing cricket Same is the case with xe2 x80 xa6,b'',0.0
2019-03-05 16:20:15,b RT harsha In the fight on number of casualties and others have forgotten that the IAF has executed a task no oth xe2 x80 xa6,b'\xe0\xb2\xac\xe0\xb3\x86\xe0\xb2\x82\xe0\xb2\x97\xe0\xb2\xb3\xe0\xb3\x82\xe0\xb2\xb0\xe0\xb3\x81',0.0
2019-03-05 16:20:14,b RT Shocking statement from CONgress leader Belur Gopalakrishna he calls out to assassinate PM n nTo appease a pa xe2 x80 xa6,b'India',-1.0
2019-03-05 16:20:14,b RT Rahul Gandhi Arvind Kejriwal AAPCongressAlliance nMy cartoon for More,b'Faridabad',0.5
2019-03-05 16:20:14,b RT mp So xe2 x80 x98s politics in full flow now n nHate our so much tht u will hug wink dalliance wth Terror suppr xe2 x80 xa6,b'\xe0\xa4\xad\xe0\xa4\xbe\xe0\xa4\xb0\xe0\xa4\xa4',0.275
2019-03-05 16:20:14,b RT mp So xe2 x80 x98s politics in full flow now n nHate our so much tht u will hug wink dalliance wth Terror suppr xe2 x80 xa6,b'Jaipur',0.275
2019-03-05 16:20:14,b RT Rahul Gandhi Arvind Kejriwal AAPCongressAlliance nMy cartoon for More,"b'Punjab, India'",0.5
2019-03-05 16:20:13,b RT harsha God how much can you lie Delay of Rafale was your party sat on his for 10 years Pilots are xe2 x80 xa6,"b'Bodakdev, Ahmedabad.'",0.2
2019-03-05 16:20:13,b nit seems that and trust western media more than xe2 x80 xa6,b'India',0.25
2019-03-05 16:20:10,b RT Shocking amp dangerous statement by state Congress leader BelurGopalakrishna calling for assassination of our Prime Minister xe2 x80 xa6,"b'Hubballi,Bengaluru '",-0.8
2019-03-05 16:20:10,b But you never allowed the MCC to use them also delayed to buy rafale n nAnd you can buy helicopter for your mom,b'\xe0\xa4\xad\xe0\xa4\xbe\xe0\xa4\xb0\xe0\xa4\xa4',0.0
2019-03-05 16:20:09,b RT harsha In the fight on number of casualties and others have forgotten that the IAF has executed a task no oth xe2 x80 xa6,b' India',0.0
2019-03-05 16:20:08,b RT Rahul Gandhi Arvind Kejriwal AAPCongressAlliance nMy cartoon for More,"b'Indore, India'",0.5
2019-03-05 16:20:04,b rathee Wl Congress leave Delhi in Loksabha election if AAP ready to support in parliament after wi xe2 x80 xa6,b'India',0.2
2019-03-05 16:20:04,b RT Rahul Gandhi Arvind Kejriwal AAPCongressAlliance nMy cartoon for More,"b'New Delhi, India'",0.5
2019-03-05 16:20:03,b RT Sometimes I doubt if and 28 are 2 agents of BJP bcz the way they are commenting on airstrike and xe2 x80 xa6,"b'Bengaluru, India'",0.0
2019-03-05 16:20:00,b RT Surprised Congress leader called our army chief as Sadak Ka Gunda one calls us liar xe2 x80 xa6,"b'Sanganer, India'",0.1
2019-03-05 16:20:00,b RT mp So xe2 x80 x98s politics in full flow now n nHate our so much tht u will hug wink dalliance wth Terror suppr xe2 x80 xa6,b'',0.275
2019-03-05 16:19:54,b RT Congress President welcomes Ferozepur MP Shri Sher Singh Ghubaya to the Congress party We wish him all the best xe2 x80 xa6,"b'Imphal,Manipur& Silchar, Assam'",1.0
2019-03-05 16:19:52,b RT jha Sincere gratitude to friends supporters and well wishers for massive and energetic participation in the ParivartanUlgulan xe2 x80 xa6,"b'Jharkhand, India'",0.3333333333333333
2019-03-05 16:19:50,b RT mp So xe2 x80 x98s politics in full flow now n nHate our so much tht u will hug wink dalliance wth Terror suppr xe2 x80 xa6,b'India',0.275
2019-03-05 16:19:49,b RT Rahul Gandhi Arvind Kejriwal AAPCongressAlliance nMy cartoon for More,b'',0.5
2019-03-05 16:19:48,b xe2 x80 xa6,"b'Nashik, India'",0.0
2019-03-05 16:19:39,Bitter Gujju Shame on Congress Party and the Republic of Pakistan now openly supporting the Congress;,b'',0.075
2019-03-05 16:19:39,b RT Rahul Gandhi is going to do everything to bring down India s image His jealousy on what Indi xe2 x80 xa6,"b'Cochin,India'",-0.15555555555555559
2019-03-05 16:19:36,b pulwamaterror Modi xe2 x80 x99s intelligence failed where is 56 xe2 x80 x9d chest Modi says will attack why to blame Pak xe2 x80 xa6,b'India',-0.5
2019-03-05 16:19:35,b RT what is your stand of removing Article 35A and 370 No answer from u,b'',0.0
2019-03-05 16:19:34,b RT Shocking statement from CONgress leader Belur Gopalakrishna he calls out to assassinate PM n nTo appease a pa xe2 x80 xa6,b'New Delhi',-1.0
2019-03-05 16:19:33,b RT Rahul Gandhi Arvind Kejriwal AAPCongressAlliance nMy cartoon for More,b'',0.5
2019-03-05 16:19:30,b H Yea but it wasn t formal way of answering Question whatever been asked,b'Dilwalo ki DELHI\xf0\x9f\x96\x95\xf0\x9f\xa4\x97',0.0
2019-03-05 16:19:29,b with all due respect sir this decision of not allying with AAP is not going good with the w xe2 x80 xa6,b'India',0.2875
2019-03-05 16:19:28,b RT I Did It in 2010 Accuses PM Modi of Lying About Amethi Ordnance Factory n nModi is a thug Just lies and wante xe2 x80 xa6,"b'New Delhi, India'",0.0
2019-03-05 16:19:28,b Ok thank sir,b'Bhopal madhya pradesh',0.5
2019-03-05 16:19:27,b RT hello sir RRB GROUP D exam is a very big scam for educated people I want clarification of normalisation pr xe2 x80 xa6,b'',0.0
2019-03-05 16:19:27,b RT mp So xe2 x80 x98s politics in full flow now n nHate our so much tht u will hug wink dalliance wth Terror suppr xe2 x80 xa6,"b'Delhi, India'",0.275
2019-03-05 16:19:27,b RT mp So xe2 x80 x98s politics in full flow now n nHate our so much tht u will hug wink dalliance wth Terror suppr xe2 x80 xa6,b'India',0.275
2019-03-05 16:19:23,b RT RT guys amp tag,"b'Mumbai, India'",0.0
2019-03-05 16:19:21,b True we have made them poor and they become poor through our efforts only This is how we have been t xe2 x80 xa6,b'Dhanbad',-0.11250000000000002
2019-03-05 16:19:20,b RT Congress will not allow anyone to take away land from the tribals and farmers at any cost n AaplaRahulGan xe2 x80 xa6,b'',0.0
2019-03-05 16:19:18,b RT Shocking amp dangerous statement by state Congress leader BelurGopalakrishna calling for assassination of our Prime Minister xe2 x80 xa6,b'Nagarthpet',-0.8
2019-03-05 16:19:18,b RT Rahul Gandhi Arvind Kejriwal AAPCongressAlliance nMy cartoon for More,b'Noida/Cuttack',0.5
2019-03-05 16:19:16,b RT India xe2 x80 x9cSo four years were wasted by the NDA Government from 2000 to 2004 to take a decision whether single vendor or multi tender xe2 x80 xa6,"b'Imphal, India'",-0.13571428571428573
2019-03-05 16:19:16,b RT May Lord Shiva extinguish the con party of crooks and its masters who have done nothing but loot and driven country as xe2 x80 xa6,"b'Gurgaon, India'",0.0
2019-03-05 16:19:16,b RT Sir The first correction is the whole country do not want to defeat Modi as the PM its all your college xe2 x80 xa6,b'India \xf0\x9f\x87\xae\xf0\x9f\x87\xb3',0.225
2019-03-05 16:19:15,b RT Well we remember you saying you don xe2 x80 x99t endorse hate politics but now that your own party leader has openly c xe2 x80 xa6,b'Bangalore',-0.0666666666666667
2019-03-05 16:19:13,b RT The real face of I am sure this is why 28 are xe2 x80 xa6,"b'Patna, India'",0.35
2019-03-05 16:19:13,b RT Anil Ambani never made an aircraft nHe cannot make an aircraft even with a piece of paper given to him n xe2 x80 xa6,b'',0.0
2019-03-05 16:19:13,b RT harsha In the fight on number of casualties and others have forgotten that the IAF has executed a task no oth xe2 x80 xa6,b'India',0.0
2019-03-05 16:19:12,b RT mp So xe2 x80 x98s politics in full flow now n nHate our so much tht u will hug wink dalliance wth Terror suppr xe2 x80 xa6,b'',0.275
2019-03-05 16:19:02,b RT mp So xe2 x80 x98s politics in full flow now n nHate our so much tht u will hug wink dalliance wth Terror suppr xe2 x80 xa6,b'India',0.275
2019-03-05 16:19:02,b PAKISTAN is a country of liars that is why loves it in PAKISTAN is JHOOTISTAN n PAKISTAN IS TERRORISTAN,b'India',0.0
2019-03-05 16:19:01,b RT 5000 RTs on this tweet and will ask for proof amp number of casualities in these 3 surgical strikes from xe2 x80 xa6,b'',0.0
2019-03-05 16:18:56,b RT With his silly Economic policies like Demonetization amp Gabbar Singh Tax Prime Minister destroyed lakhs of small and med xe2 x80 xa6,b'',-0.18333333333333335
2019-03-05 16:18:52,b RT Monumental response to Congress President Hon ble s public rally at MMRDA ground Mumbai n MumbaichaRahulG xe2 x80 xa6,b'',0.0
2019-03-05 16:18:50,b RT Hariom Can U name even 1 political party in Pakistan amp our Kashmir which has not questioned the SurgicalStrike2 nU can t coz a xe2 x80 xa6,"b'New Delhi, India'",0.0
2019-03-05 16:18:46,b RT Hariom Can U name even 1 political party in Pakistan amp our Kashmir which has not questioned the SurgicalStrike2 nU can t coz a xe2 x80 xa6,b'',0.0
2019-03-05 16:18:44,b RT mp So xe2 x80 x98s politics in full flow now n nHate our so much tht u will hug wink dalliance wth Terror suppr xe2 x80 xa6,"b'Rae Bareily, India'",0.275
2019-03-05 16:18:43,b RT Rahul Gandhi Arvind Kejriwal AAPCongressAlliance nMy cartoon for More,b'BANGALORE',0.5
2019-03-05 16:18:42,b RT mp So xe2 x80 x98s politics in full flow now n nHate our so much tht u will hug wink dalliance wth Terror suppr xe2 x80 xa6,b'',0.275
2019-03-05 16:18:42,b Its a welcome move but really we are not producing Khadi fabric to cater complete MP Govt Schools students uniform xe2 x80 xa6,"b'Bengaluru, India'",0.3666666666666667
2019-03-05 16:18:42,b RT According to congress leader Mr Our IAF is lying n nIs it acceptable Mr,b'Hindvi Swaraj - 142364',0.0
2019-03-05 16:18:34,b For the heinous killings of personnel you thump to get in Pakistan and tak xe2 x80 xa6,b'Pune',0.0
2019-03-05 16:18:31,b RT LIVE Congress President addresses ParivartanUlgulanRally in Ranchi Jharkhand,b'',0.13636363636363635
2019-03-05 16:18:31,b wasted too much time on Rafale,"b'Mumbai, India'",0.0
2019-03-05 16:18:30,b We must rethink for sake of Nation Delhi amp defeat xe2 x80 xa6,b'new delhi',0.0
2019-03-05 16:18:30,b D Devegowda xe2 x80 xa6,b'Navi Mumbai',0.0
2019-03-05 16:18:28,b RT Rahul Gandhi Arvind Kejriwal AAPCongressAlliance nMy cartoon for More,b'Faridabad',0.5
2019-03-05 16:18:25,b RT nWhat you have to say about 5MarchBharatBandh,"b'Bihar, India'",0.0
2019-03-05 16:18:25,b RT mp So xe2 x80 x98s politics in full flow now n nHate our so much tht u will hug wink dalliance wth Terror suppr xe2 x80 xa6,b'India',0.275
2019-03-05 16:18:24,b RT mp So xe2 x80 x98s politics in full flow now n nHate our so much tht u will hug wink dalliance wth Terror suppr xe2 x80 xa6,b'india',0.275
2019-03-05 16:18:23,b Hw cn a wife leave her husband n den wanna cum bck aftr few yrz N dat 2 aftr filing FakeCases 498A DV 125 377 376 xe2 x80 xa6,b'India',-0.2
2019-03-05 16:18:19,b RT Rahul Gandhi Arvind Kejriwal AAPCongressAlliance nMy cartoon for More,"b'\xe0\xa4\xae\xe0\xa5\x81\xe0\xa4\x82\xe0\xa4\xac\xe0\xa4\x88, \xe0\xa4\xad\xe0\xa4\xbe\xe0\xa4\xb0\xe0\xa4\xa4'",0.5
2019-03-05 16:18:18,b RT In the interaction with DH s Principal Correspondent D Devegowda spoke about various issues ranging fro xe2 x80 xa6,b'New Delhi',0.0
2019-03-05 16:18:18,b RT Rahul Gandhi Arvind Kejriwal AAPCongressAlliance nMy cartoon for More,b'Bhubneshwar',0.5
2019-03-05 16:18:18,b RT This insurance company is going to be bankrupt very soon,"b'Madhya Pradesh, India'",0.2
2019-03-05 16:18:16,b RT Rahul Gandhi Arvind Kejriwal AAPCongressAlliance nMy cartoon for More,"b'Jammu, Jammu And Kashmir'",0.5
2019-03-05 16:18:14,b RT Rahul Gandhi Arvind Kejriwal AAPCongressAlliance nMy cartoon for More,b'Mumbai',0.5
2019-03-05 16:18:12,b RT Rightly asked all those having Nationalistic feeling towards our Nei xe2 x80 xa6,b'',0.2857142857142857
2019-03-05 16:18:12,b RT D MATRIOT there seems to be some kinda xe2 x80 xa6,b'',0.0
2019-03-05 16:18:10,b RT According to congress leader Mr Our IAF is lying n nIs it acceptable Mr,b'India',0.0
2019-03-05 16:18:10,b RT Great sir Please keep exposing s links with hostile PORKist xe2 x80 xa6,b'',0.8
2019-03-05 16:18:07,Bitter Gujju Shame on Congress Party and the Republic of Pakistan now openly supporting the Congress;,"b'Mumbai, India'",0.075
2019-03-05 16:18:05,Bitter Gujju Shame on Congress Party and the Republic of Pakistan now openly supporting the Congress;,"b'Bengaluru, India'",0.075
2019-03-05 16:18:01,b RT mp So xe2 x80 x98s politics in full flow now n nHate our so much tht u will hug wink dalliance wth Terror suppr xe2 x80 xa6,"b'Bengaluru South, India'",0.275
2019-03-05 16:17:59,b RT Well we remember you saying you don xe2 x80 x99t endorse hate politics but now that your own party leader has openly c xe2 x80 xa6,"b'Chandigarh, India'",-0.0666666666666667
2019-03-05 16:17:58,b RT UPA regime army in 2009 killed two lakhs Tamil population in Sri Lanka A genocide DMK was sharing power with UPA But xe2 x80 xa6,b'MADRAS',-0.2
2019-03-05 16:17:51,b Thank you ji for honouring the wisdom of millions of voters amp supporters The time ahead is xe2 x80 xa6,b'Mumbai | Hometown- Rajasthan',0.0
2019-03-05 16:17:50,b RT Arrest and interrogate immediately this jamanatee India,b'',-0.05
2019-03-05 16:17:50,b RT Rahul Gandhi Arvind Kejriwal AAPCongressAlliance nMy cartoon for More,"b'Ghaziabad,New Delhi'",0.5
2019-03-05 16:17:48,b Thank you and for showing it s place In process has saved its xe2 x80 xa6,b'New Delhi',0.0
2019-03-05 16:17:48,b RT Verma is NOT from Harvard as simple as that unless ofcourse this is another hoax on the lines of w xe2 x80 xa6,b'',0.0
2019-03-05 16:17:48,b RT Shocking statement from CONgress leader Belur Gopalakrishna he calls out to assassinate PM n nTo appease a pa xe2 x80 xa6,"b'Anekal Bangaluru, India'",-1.0
2019-03-05 16:17:47,b hindi Who broke the alliance between congress amp Aap,b'Kolkata',0.0
2019-03-05 16:17:45,b RT mp So xe2 x80 x98s politics in full flow now n nHate our so much tht u will hug wink dalliance wth Terror suppr xe2 x80 xa6,"b'Karachi, Pakistan'",0.275
2019-03-05 16:17:44,b RT Verma is NOT from Harvard as simple as that unless ofcourse this is another hoax on the lines of w xe2 x80 xa6,b'',0.0
2019-03-05 16:17:41,b RT mp So xe2 x80 x98s politics in full flow now n nHate our so much tht u will hug wink dalliance wth Terror suppr xe2 x80 xa6,b'Indore',0.275
2019-03-05 16:17:40,b RT Kaushal Can any guy from the forces or ministry please ask VK Singh ji to ask this question to Rahul Gandhi instead nDigvija xe2 x80 xa6,"b'India,Odisha'",0.0
2019-03-05 16:17:40,b Exclusive In a sermon in Pakistan JeM leader accepts Indian planes were targeting their center i xe2 x80 xa6,"b'Raipur, India'",-0.1625
2019-03-05 16:17:36,b RT indrani As an Indian i trust our ArmedForces I don t want any proof But as u r Pakistani so u r asking fr proof n xe2 x80 xa6,b'India \xf0\x9f\x87\xae\xf0\x9f\x87\xb3',0.0
2019-03-05 16:17:31,b RT Thanks n yadav2005 n 5MarchBharatBandh xe2 x80 xa6,"b'Bihar, India'",0.2
2019-03-05 16:17:30,b Rahul Gandhi Arvind Kejriwal AAPCongressAlliance nMy cartoon for More,b'India',0.5
2019-03-05 16:17:30,Bitter Gujju Shame on Congress Party and the Republic of Pakistan now openly supporting the Congress;,b'',0.075
2019-03-05 16:17:30,b RT Hariom It can happen nScience can anything nIn Pakistan trees use mobile nI don t blame s PakistanNationalCong xe2 x80 xa6,"b'India,Odisha'",0.0
2019-03-05 16:17:28,b sgh Even if Congress draws a blank in WB With xe2 x80 xa6,b'',0.0
2019-03-05 16:17:25,b RT mp So xe2 x80 x98s politics in full flow now n nHate our so much tht u will hug wink dalliance wth Terror suppr xe2 x80 xa6,b'Bayern-Germany',0.275
2019-03-05 16:17:24,b RT mp So xe2 x80 x98s politics in full flow now n nHate our so much tht u will hug wink dalliance wth Terror suppr xe2 x80 xa6,b'India',0.275
2019-03-05 16:17:22,b Try to meet IT guys once I will challenge you you will be dumb for very First question,"b'Bengaluru, India'",-0.024999999999999994
2019-03-05 16:17:19,b RT mp So xe2 x80 x98s politics in full flow now n nHate our so much tht u will hug wink dalliance wth Terror suppr xe2 x80 xa6,b'India',0.275
2019-03-05 16:17:17,"B. Kagadurghatdebate Pappu's father and grandmother were killed in the accident Now all the parasites in India, the trilogy Xi 2 X 80 X 6","b'Bengaluru, India'",-0.2
2019-03-05 16:17:14,Bitter Gujju Shame on Congress Party and the Republic of Pakistan now openly supporting the Congress;,b'',0.075
2019-03-05 16:17:14,b RT Shocking statement from CONgress leader Belur Gopalakrishna he calls out to assassinate PM n nTo appease a pa xe2 x80 xa6,b'',-1.0
2019-03-05 16:17:12,b Its you who stole indian money Man nirmala sitharaman has correctly answered you in parliament,b'Mysore',0.0
2019-03-05 16:17:10,b RT PunishPakLoyalists I want proof of Kasab Hanging,b'',0.0
2019-03-05 16:17:09,b RT IndiraCanteens launched by the previous Congress government led by Siddaramaiah is slowly turning out to be a white e xe2 x80 xa6,"b'New Delhi, India'",-0.15555555555555556
2019-03-05 16:17:08,b RT Hariom Can U name even 1 political party in Pakistan amp our Kashmir which has not questioned the SurgicalStrike2 nU can t coz a xe2 x80 xa6,b'hyderabad',0.0
2019-03-05 16:17:06,b I think he is not sidhu Pakistan has replaced him with a Doppelganger xf0 x9f xa4 xa3 xf0 x9f xa4 xa3 xf0 x9f xa4 xa3 xf0 x9f xa4 xa3,b'Sri Ganganagar Rajasthan',0.0
2019-03-05 16:17:03,b RT I m shocked at this proof issue amp how vehemently CONgress is for Pak I shudder to think wh xe2 x80 xa6,b'',-0.7
2019-03-05 16:16:59,b RT harsha In the fight on number of casualties and others have forgotten that the IAF has executed a task no oth xe2 x80 xa6,b'Patna',0.0
2019-03-05 16:16:57,b RT Shocking statement from CONgress leader Belur Gopalakrishna he calls out to assassinate PM n nTo appease a pa xe2 x80 xa6,"b'Lucknow, India'",-1.0
2019-03-05 16:16:44,b I like helping small scale business,b'',-0.25
2019-03-05 16:16:43,b RT mp So xe2 x80 x98s politics in full flow now n nHate our so much tht u will hug wink dalliance wth Terror suppr xe2 x80 xa6,"b'Baran, Rajasthan, India'",0.275
2019-03-05 16:16:43,b RT harsha In the fight on number of casualties and others have forgotten that the IAF has executed a task no oth xe2 x80 xa6,b'India',0.0
2019-03-05 16:16:41,b RT Appointment of office bearers of various committees for Bihar PCC n,b'',0.0
2019-03-05 16:16:41,b RT 5000 RTs on this tweet and will ask for proof amp number of casualities in these 3 surgical strikes from xe2 x80 xa6,"b'Gujarat, India'",0.0
2019-03-05 16:16:37,"Do not focus on B2 crores, look at the rhetoric when Congress 3 jobs get Xi 2 X 80 X 6",b'India',0.0
2019-03-05 16:16:36,b RT Today s issue thuglak IN tells the high committee that started a party in India wants to joi xe2 x80 xa6,b'Udupi Bharat',0.18
2019-03-05 16:16:35,b INC xe2 x80 xa6,"b'Jaipur, India'",0.0
2019-03-05 16:16:34,b RT mp So xe2 x80 x98s politics in full flow now n nHate our so much tht u will hug wink dalliance wth Terror suppr xe2 x80 xa6,b'',0.275
2019-03-05 16:16:26,b RT The way this guy is snorting I would assume he is one of the top dope suppliers of Pappu nSaare ganjedi hain s xe2 x80 xa6,b' India',0.5
2019-03-05 16:16:25,b RT Party workers will take CP s assurance of 500 sq ft homes to slum dwellers across city and explain how the Cong xe2 x80 xa6,"b'Imphal,Manipur& Silchar, Assam'",0.0
2019-03-05 16:16:24,b RT It must be a big relief for ji that did not insist that the NDA govt should reveal the names pho xe2 x80 xa6,b'',0.0
2019-03-05 16:16:23,b I am deeply concerned of the party who fought for independence are acting like anti nationals xe2 x80 xa6,b'Belgaum Karnataka',0.0
2019-03-05 16:16:22,b I ve refused to pay the Pest control guy who sprayed the chemical to eliminate the termites in my house Because he xe2 x80 xa6,b'mumbai',0.0
2019-03-05 16:16:18,b Yesterday announced RRB Group D'result In very Scam Please cancel this result n RRBSCAM n xe2 x80 xa6,"b'Samastipur, India'",0.2
2019-03-05 16:16:17,b mp GUJJU SHAME SHAME SHAME,"b'Mumbai, India'",0.0
2019-03-05 16:16:16,b RT Sir The first correction is the whole country do not want to defeat Modi as the PM its all your college xe2 x80 xa6,b'India',0.225
2019-03-05 16:16:14,"The Delhi Pradesh Congress Committee (NCC) will not make any announcement on the issue of sharing rights,",b'Bermuda Triangle',0.0
2019-03-05 16:16:14,b When was Reliance Born nWho gave Petroleum amp Refinery License to Ambani nWho was the PM when A Texti xe2 x80 xa6,b'Vadodara',0.0
2019-03-05 16:16:12,b Rahul Gandhi Arvind Kejriwal AAPCongressAlliance nMy cartoon for More,b'India',0.5
2019-03-05 16:16:06,b With current scenario n 0 n 0 n 7 With alliance in AAP Congress Both can get 2 to 3 xe2 x80 xa6,"b'New Delhi, India'",0.0
2019-03-05 16:16:05,b RT 5000 RTs on this tweet and will ask for proof amp number of casualities in these 3 surgical strikes from xe2 x80 xa6,"b'Gujarat, India'",0.0
2019-03-05 16:16:05,b Shame on as he is endorsing his party leader comment against India PM n nS xe2 x80 xa6,b'Bangalore',0.0
2019-03-05 16:16:05,b RT mp So xe2 x80 x98s politics in full flow now n nHate our so much tht u will hug wink dalliance wth Terror suppr xe2 x80 xa6,"b'Haveli, India'",0.275
2019-03-05 16:16:04,b RT Shocking statement from CONgress leader Belur Gopalakrishna he calls out to assassinate PM n nTo appease a pa xe2 x80 xa6,b'',-1.0
2019-03-05 16:16:03,b RT mp So xe2 x80 x98s politics in full flow now n nHate our so much tht u will hug wink dalliance wth Terror suppr xe2 x80 xa6,b'',0.275
2019-03-05 16:16:03,b RT mp So xe2 x80 x98s politics in full flow now n nHate our so much tht u will hug wink dalliance wth Terror suppr xe2 x80 xa6,"b'Shaktinagar, India'",0.275
2019-03-05 16:16:01,b RT mp So xe2 x80 x98s politics in full flow now n nHate our so much tht u will hug wink dalliance wth Terror suppr xe2 x80 xa6,"b""Even I Don't Know Where I am""",0.275
2019-03-05 16:15:56,b RT And the mohalla clinics are a big hit with everyone Don t fo xe2 x80 xa6,b'India',0.0
2019-03-05 16:15:50,b The way this guy is snorting I would assume he is one of the top dope suppliers of Pappu nSaare ganje xe2 x80 xa6,b'New Delhi',0.5
2019-03-05 16:15:47,b RT mp So xe2 x80 x98s politics in full flow now n nHate our so much tht u will hug wink dalliance wth Terror suppr xe2 x80 xa6,"b'Vijaya Nagar, Bengaluru'",0.275
2019-03-05 16:15:46,b RT mp So xe2 x80 x98s politics in full flow now n nHate our so much tht u will hug wink dalliance wth Terror suppr xe2 x80 xa6,"b'Kanpur, uttar pradesh'",0.275
2019-03-05 16:15:45,Bitter Gujju Shame on Congress Party and the Republic of Pakistan now openly supporting the Congress;,b'India',0.075
2019-03-05 16:15:43,b RT mp So xe2 x80 x98s politics in full flow now n nHate our so much tht u will hug wink dalliance wth Terror suppr xe2 x80 xa6,b'\xe0\xa4\xb9\xe0\xa4\xb0\xe0\xa4\xbf\xe0\xa4\xaf\xe0\xa4\xbe\xe0\xa4\xa3\xe0\xa4\xbe',0.275
2019-03-05 16:15:41,b RT nBiggest scam in group D level 1 result as many as 92 students sele xe2 x80 xa6,b'',0.5
2019-03-05 16:15:38,b RT mp So xe2 x80 x98s politics in full flow now n nHate our so much tht u will hug wink dalliance wth Terror suppr xe2 x80 xa6,"b'Jabalpur ,india'",0.275
2019-03-05 16:15:38,b RT mp So xe2 x80 x98s politics in full flow now n nHate our so much tht u will hug wink dalliance wth Terror suppr xe2 x80 xa6,b'unknown',0.275
2019-03-05 16:15:36,b RT Courageous fierce honest empowering nThat s the leader Shri is,b'',0.6
2019-03-05 16:15:34,b please you heard us when ssc scamed the students now the railways is doing the same Yo xe2 x80 xa6,"b'Nagaur, India'",0.0
2019-03-05 16:15:27,b RT Coordination committee meeting going on at Sunway Hotel in the presence of AICC Sec HCM xe2 x80 xa6,"b'Kerala, India'",-0.1
2019-03-05 16:15:25,b RT Hariom Shame on 28 who says the PulwamaMassacre of 45 CRPFJawand on Feb 14 was an accident n nFinalky the time to xe2 x80 xa6,b'',0.0
2019-03-05 16:15:25,b RT I Did It in 2010 Accuses PM Modi of Lying About Amethi Ordnance Factory n nModi is a thug Just lies and wante xe2 x80 xa6,b'',0.0
2019-03-05 16:15:19,b AirstrikePolitics Please record what said today I want to reply to him after the electio xe2 x80 xa6,"b'New Delhi, India'",0.0
2019-03-05 16:15:18,b RT Saxena13 kodiyeri in Sorry I will not participate this time For better action we ne xe2 x80 xa6,b'',0.03333333333333333
2019-03-05 16:15:17,b RT 5000 RTs on this tweet and will ask for proof amp number of casualities in these 3 surgical strikes from xe2 x80 xa6,b'India',0.0
2019-03-05 16:15:16,b in He would have mocked even if he had known the fact The guy is a mass murderer FFS,"b'Bangalore, India. '",0.0
2019-03-05 16:15:13,b can u just keep your debates to debates only and not suggestions You just look much more stupid when xe2 x80 xa6,b'India',-0.09999999999999998
2019-03-05 16:15:10,b RT mp So xe2 x80 x98s politics in full flow now n nHate our so much tht u will hug wink dalliance wth Terror suppr xe2 x80 xa6,b'#PKMKB',0.275
2019-03-05 16:15:09,b It s about all Modis nLalit Nirav and Chaukidar,"b'Mumbai, India'",0.0
2019-03-05 16:15:09,b RT mp So xe2 x80 x98s politics in full flow now n nHate our so much tht u will hug wink dalliance wth Terror suppr xe2 x80 xa6,"b'Jaipur, India'",0.275
2019-03-05 16:15:08,b RT mp So xe2 x80 x98s politics in full flow now n nHate our so much tht u will hug wink dalliance wth Terror suppr xe2 x80 xa6,"b'New Delhi, Delhi'",0.275
2019-03-05 16:15:00,b Ohhh I see So it is inevitable that one loses his mind after joining Congress,"b'Rajkot, India'",-0.15
2019-03-05 16:15:00,b In which capacity will he xf0 x9f xa4 x94 xf0 x9f x99 x84,b'India',0.0
2019-03-05 16:14:59,b Congis n cronies are gaddars all Scindia xe2 x80 xa6,b'Hyderabad',0.0
2019-03-05 16:14:54,b RT mp So xe2 x80 x98s politics in full flow now n nHate our so much tht u will hug wink dalliance wth Terror suppr xe2 x80 xa6,"b'Bengaluru, India'",0.275
2019-03-05 16:14:54,b RT Today s issue thuglak IN tells the high committee that started a party in India wants to joi xe2 x80 xa6,b'',0.18
2019-03-05 16:14:51,b Envoys can see through that and go back home citing him as Gr8 example of traitor n Traitorous personality n,b'India',0.0
2019-03-05 16:14:51,b RT mp So xe2 x80 x98s politics in full flow now n nHate our so much tht u will hug wink dalliance wth Terror suppr xe2 x80 xa6,"b'Anand,Gujarat,India'",0.275
2019-03-05 16:14:48,"The Delhi Pradesh Congress Committee (NCC) will not make any announcement on the issue of sharing rights,",b'',0.0
2019-03-05 16:14:44,b RT Shocking statement from CONgress leader Belur Gopalakrishna he calls out to assassinate PM n nTo appease a pa xe2 x80 xa6,b'Here and there.',-1.0
2019-03-05 16:14:42,b This is harakiri nShe shela dixit has lost it easy way for bjp to win nRahul G has been drum beating to save the xe2 x80 xa6,"b'Over the moon, under the stars'",0.6166666666666667
2019-03-05 16:14:42,b RT MahaShivratri nWho is the Father of Lord Shiva nAnd where its proof nSo please see this video,b'Bhopal MP',0.0
2019-03-05 16:14:39,b All our neighbours wish for a weak Indian PM amp government That s what they xe2 x80 xa6,b'bangalore',-0.375
2019-03-05 16:14:36,b RT harsha In the fight on number of casualties and others have forgotten that the IAF has executed a task no oth xe2 x80 xa6,b'',0.0
2019-03-05 16:14:35,b RT mp So xe2 x80 x98s politics in full flow now n nHate our so much tht u will hug wink dalliance wth Terror suppr xe2 x80 xa6,b'',0.275
2019-03-05 16:14:35,b RT Today s issue thuglak IN tells the high committee that started a party in India wants to joi xe2 x80 xa6,b'',0.18
2019-03-05 16:14:26,b RT Congress President welcomes Ferozepur MP Shri Sher Singh Ghubaya to the Congress party We wish him all the best xe2 x80 xa6,"b'Madhupur,Jharkhand,India'",1.0
2019-03-05 16:14:26,b RT Delhi Congress chief announces there would be no alliance with Aam Aadmi Party n nAnnouncement came after Congress xe2 x80 xa6,b'India',0.0
2019-03-05 16:14:22,b RT sharma Ma am Rafale is not Hafta that can be delivered after a mere phone call n nIf you are aspiring to be PM at least don t m xe2 x80 xa6,b'\xe0\xa4\xa0\xe0\xa4\xbf\xe0\xa4\x95\xe0\xa4\xbe\xe0\xa4\xa8\xe0\xa4\xbe \xe0\xa4\xae\xe0\xa4\xbf\xe0\xa4\xb2\xe0\xa4\xbe \xe0\xa4\xa8\xe0\xa4\xb9\xe0\xa5\x80 \xe0\xa4\xb9\xe0\xa5\x88 \xe0\xa4\x85\xe0\xa4\xad\xe0\xa5\x80 \xe0\xa4\xa4\xe0\xa4\x95 \xe0\xa5\xa4',-0.4
2019-03-05 16:14:20,b RT mp Ur in a rush to tweet is it IN xf0 x9f x98 x85 n nTerrorists r not civilian or Military forgot tht n nIf ur so keen on Te xe2 x80 xa6,b'',-0.1
2019-03-05 16:14:11,b RT Dear sir please check this 12 07 1992 Is ladke ka check kar lo isme koi editing nahi h RRBSCAM Bahut b xe2 x80 xa6,b'',0.0
2019-03-05 16:14:11,b RT Delhi Congress chief announces there would be no alliance with Aam Aadmi Party n nAnnouncement came after Congress xe2 x80 xa6,b'India',0.0
2019-03-05 16:14:03,b your statement makes you a criminal RATHER THAN ACKNOWLEDGE THE TERRO xe2 x80 xa6,"b'Mumbai, India'",-0.4
2019-03-05 16:14:01,b RT Party workers will take CP s assurance of 500 sq ft homes to slum dwellers across city and explain how the Cong xe2 x80 xa6,b'Mumbai',0.0
2019-03-05 16:14:00,b RT 5000 RTs on this tweet and will ask for proof amp number of casualities in these 3 surgical strikes from xe2 x80 xa6,b'Odisha',0.0
2019-03-05 16:13:56,b RT Your icon has announced he will get xe2 x80 x9cshaheed xe2 x80 x9d martyr status for all soldiers who die defendi xe2 x80 xa6,b'',0.0
2019-03-05 16:13:54,b RT Shocking amp dangerous statement by state Congress leader BelurGopalakrishna calling for assassination of our Prime Minister xe2 x80 xa6,b'Mumbai',-0.8
2019-03-05 16:13:54,b RT mp So xe2 x80 x98s politics in full flow now n nHate our so much tht u will hug wink dalliance wth Terror suppr xe2 x80 xa6,"b'London, England'",0.275
2019-03-05 16:13:53,b xe2 x80 xa6,b'Pune',0.0
2019-03-05 16:13:52,b Hey Mr Miss what is this Ur party X CM telling He fears if he see s person with Ti xe2 x80 xa6,b'MYSURU',0.0
2019-03-05 16:13:51,b RT Today s issue thuglak IN tells the high committee that started a party in India wants to joi xe2 x80 xa6,"b'Mumbai, India'",0.18
2019-03-05 16:13:48,b RT INC Who will next PM n nLike for Rahul Gandhi nRetweet for Modi,b'',0.0
2019-03-05 16:13:42,b RT Scrapping of Nanar Refinery Project is an outcome of a vigorous crusade raised by the people of Nanar nHon CP xe2 x80 xa6,b'\xe0\xa4\xad\xe0\xa4\xbe\xe0\xa4\xb0\xe0\xa4\xa4',0.0
2019-03-05 16:13:42,b RT And the mohalla clinics are a big hit with everyone Don t fo xe2 x80 xa6,"b'Hisar, India'",0.0
2019-03-05 16:13:41,b Congrats xf0 x9f x91 x8d,"b'Jaipur, India'",0.0
2019-03-05 16:13:40,b Hi joker that s y I always say even rahulGandhi better than atleast this kejru jokar kudh kare xe2 x80 xa6,"b'Mumbai, India'",0.5
2019-03-05 16:13:37,b But that is not right shame on them,b'india',-0.14285714285714285
2019-03-05 16:13:27,b Congratulations xf0 x9f x92 x90 xf0 x9f x92 x90,"b'Jaipur, India'",0.0
2019-03-05 16:13:23,b RT Modi will be happy but what about u xf0 x9f x94 xa5 xf0 x9f x94 xa5 xf0 x9f x98 x85 xf0 x9f x98 x82 xf0 x9f x98 x82itna to pappu bhi nahi sochta jitna kuch Urban xe2 x80 xa6,b'\xe0\xa4\xad\xe0\xa4\xbe\xe0\xa4\xb0\xe0\xa4\xa4',0.4
2019-03-05 16:13:21,b RT PunishPakLoyalists I want proof of Kasab Hanging,b'Hindi hain Hum',0.0
2019-03-05 16:13:19,b RT Today s issue thuglak IN tells the high committee that started a party in India wants to joi xe2 x80 xa6,"b'Coimbatore, India'",0.18
2019-03-05 16:13:12,B RT NOTA Satyagrah4Men nUrgently need PurushAayog xe2 x80 xa6,b'',0.0
2019-03-05 16:13:11,b Modi will be happy but what about u xf0 x9f x94 xa5 xf0 x9f x94 xa5 xf0 x9f x98 x85 xf0 x9f x98 x82 xf0 x9f x98 x82itna to pappu bhi nahi sochta jitna k xe2 x80 xa6,b'\xe0\xa4\xad\xe0\xa4\xbe\xe0\xa4\xb0\xe0\xa4\xa4',0.8
2019-03-05 16:13:08,b Screenshot,"b'Mangalore, India'",0.0
2019-03-05 16:13:08,b RT harsha In the fight on number of casualties and others have forgotten that the IAF has executed a task no oth xe2 x80 xa6,b'',0.0
2019-03-05 16:13:03,b RT harsha In the fight on number of casualties and others have forgotten that the IAF has executed a task no oth xe2 x80 xa6,b'behind you',0.0
2019-03-05 16:13:02,b Must read nMy opinions on recent scenario nRetweet if you agree xe2 x9c xa8 xf0 x9f x99 x8f n JaiHind IndiaSaysJaiHind conginsultsmartyrs xe2 x80 xa6,b'India',0.0
2019-03-05 16:13:00,b RT And the mohalla clinics are a big hit with everyone Don t fo xe2 x80 xa6,b'',0.0
2019-03-05 16:12:58,b RT Rahul Gandhi is going to do everything to bring down India s image His jealousy on what Indi xe2 x80 xa6,b'India',-0.15555555555555559
2019-03-05 16:12:56,b Both the boosom friends Congress and Pakistan are in same boat On brink of getting isolated and decim xe2 x80 xa6,b'Mumbai ',0.0
2019-03-05 16:12:56,b Unfortunately Congress doesn t realize that times have changed Shud change his political adviser,"b'Guwahati, India'",-0.25
2019-03-05 16:12:53,b RT harsha In the fight on number of casualties and others have forgotten that the IAF has executed a task no oth xe2 x80 xa6,b'',0.0
2019-03-05 16:12:50,b RT RahulGandhi nRespected Rahul sir nI m students belong from nagpur Maharashtra sir recently rrb group d result announce xe2 x80 xa6,b'',0.0
2019-03-05 16:12:49,b RT Shocking statement from CONgress leader Belur Gopalakrishna he calls out to assassinate PM n nTo appease a pa xe2 x80 xa6,b'Jammu/J&K',-1.0
2019-03-05 16:12:48,b Every time u create divide and rule now here why adivasi and dalit can t you fight election with a p xe2 x80 xa6,b'Bangalore',0.0
2019-03-05 16:12:47,b sgh Adamant to commit suicide,b'',0.1
2019-03-05 16:12:45,b RT Sir The first correction is the whole country do not want to defeat Modi as the PM its all your college xe2 x80 xa6,b'\xe0\xa4\x87\xe0\xa4\xb0\xe0\xa4\xbe\xe0\xa4\xa6\xe0\xa5\x87 \xe0\xa4\x86\xe0\xa4\xb8\xe0\xa4\xae\xe0\xa4\xbe\xe0\xa4\xa8\xe0\xa5\x80 \xe0\xa4\xaa\xe0\xa4\xb0 \xe0\xa4\x9c\xe0\xa5\x81\xe0\xa4\xa1\xe0\xa4\xbc\xe0\xa5\x87 \xe0\xa4\x9c\xe0\xa4\xae\xe0\xa5\x80\xe0\xa4\xa8 \xe0\xa4\xb8\xe0\xa5\x87 ',0.225
2019-03-05 16:12:44,b BJP Did you visit the families of your hit and run victims Just asking Loot Ravi,b'Bengaluru ',0.0
2019-03-05 16:12:43,b RT 5000 RTs on this tweet and will ask for proof amp number of casualities in these 3 surgical strikes from xe2 x80 xa6,"b'Hisar, India'",0.0
2019-03-05 16:12:42,b RT So amp have to answer this small weapons where made for whom nIf govt or armed forces did not get the d xe2 x80 xa6,b'',-0.25
